timestamp,topic,flow_pkts_payload.max,flow_iat.std,flow_pkts_per_sec,payload_bytes_per_second,flow_pkts_payload.tot,label
2025-12-14 22:08:30,home/sensor/data,64,5.110620498657227,0.195632676616484,12.520491303454977,64,0
2025-12-14 22:08:35,home/sensor/data,64,4.935473203659058,0.20257377255867018,12.964721443754891,64,0
2025-12-14 22:08:40,home/sensor/data,64,5.106649398803711,0.19578477728604768,12.530225746307051,64,0
2025-12-14 22:08:45,home/sensor/data,64,5.113970041275024,0.195504566386615,12.51229224874336,64,0
2025-12-14 22:08:50,home/sensor/data,64,4.862190246582031,0.20562633771171596,13.160085613549821,64,0
2025-12-14 22:08:55,home/sensor/data,64,5.050276041030884,0.1979697787008916,12.670065836857063,64,0
2025-12-14 22:09:00,home/sensor/data,64,4.997617721557617,0.2000553064274718,12.803539611358195,64,0
2025-12-14 22:09:05,home/sensor/data,64,5.029545545578003,0.19878559709672627,12.722278214190482,64,0
2025-12-14 22:09:10,home/sensor/data,64,5.045889616012573,0.19814184103160076,12.681077826022449,64,0
2025-12-14 22:09:15,home/sensor/data,64,5.332092046737671,0.1875084831156654,12.000542919402585,64,0
2025-12-14 22:09:20,home/sensor/data,64,4.699341297149658,0.21275050826764677,13.616032529129393,64,0
2025-12-14 22:09:25,home/sensor/data,64,5.02838397026062,0.19883150817538006,12.725216523224324,64,0
2025-12-14 22:09:30,home/sensor/data,64,5.215720176696777,0.1916913244584261,12.26824476533927,64,0
2025-12-14 22:09:35,home/sensor/data,64,5.133883714675903,0.19474637704879683,12.463768131122997,64,0
2025-12-14 22:09:40,home/sensor/data,64,4.909479856491089,0.20364608535724163,13.033349462863464,64,0
2025-12-14 22:09:45,home/sensor/data,64,4.91127610206604,0.20357161918879374,13.0285836280828,64,0
2025-12-14 22:09:50,home/sensor/data,64,4.965095281600952,0.20136544776032236,12.887388656660631,64,0
2025-12-14 22:09:55,home/sensor/data,64,5.034918785095215,0.19857349625250018,12.708703760160011,64,0
2025-12-14 22:10:00,home/sensor/data,64,5.1509690284729,0.19410054572793323,12.422434926587727,64,0
2025-12-14 22:10:05,home/sensor/data,64,4.915271282196045,0.20340618786059153,13.017996023077858,64,0
2025-12-14 22:10:10,home/sensor/data,64,5.120801210403442,0.1952438134398485,12.495604060150304,64,0
2025-12-14 22:10:15,home/sensor/data,64,5.232945442199707,0.1910604554524594,12.227869148957401,64,0
2025-12-14 22:10:20,home/sensor/data,64,4.697952747344971,0.21281337646245232,13.620056093596949,64,0
2025-12-14 22:10:25,home/sensor/data,64,5.028213977813721,0.19883822887860417,12.725646648230667,64,0
2025-12-14 22:10:30,home/sensor/data,64,5.110810995101929,0.19562538618078545,12.520024715570269,64,0
2025-12-14 22:10:36,home/sensor/data,64,5.329789876937866,0.18758946105270688,12.00572550737324,64,0
2025-12-14 22:10:40,home/sensor/data,64,4.711929082870483,0.21218227187728744,13.579665400146396,64,0
2025-12-14 22:10:45,home/sensor/data,64,5.113375186920166,0.19552730557536424,12.513747556823311,64,0
2025-12-14 22:10:50,home/sensor/data,64,4.860132455825806,0.20571338244477452,13.16565647646557,64,0
2025-12-14 22:10:55,home/sensor/data,64,5.023330926895142,0.19903147594180554,12.738014460275554,64,0
2025-12-14 22:11:00,home/sensor/data,64,5.066970348358154,0.1973176501168688,12.628329607479603,64,0
2025-12-14 22:11:05,home/sensor/data,64,5.12024450302124,0.19526503751384205,12.496962400885891,64,0
2025-12-14 22:11:10,home/sensor/data,64,4.915100336074829,0.20341326084455627,13.018448694051601,64,0
2025-12-14 22:11:16,home/sensor/data,64,5.333059549331665,0.18747447244478097,11.998366236465982,64,0
2025-12-14 22:11:20,home/sensor/data,64,4.701204299926758,0.2126662169943522,13.610637887638541,64,0
2025-12-14 22:11:25,home/sensor/data,64,5.027075290679932,0.19888325893878428,12.728528572082194,64,0
2025-12-14 22:11:31,home/sensor/data,64,5.214273452758789,0.19174449989214223,12.271647993097103,64,0
2025-12-14 22:11:36,home/sensor/data,64,5.125845432281494,0.19505171614955252,12.483309833571361,64,0
2025-12-14 22:11:41,home/sensor/data,64,4.9097676277160645,0.20363415168660448,13.032585707942687,64,0
2025-12-14 22:11:46,home/sensor/data,64,4.915071487426758,0.20341445452076504,13.018525089328962,64,0
2025-12-14 22:11:51,home/sensor/data,64,4.961715221405029,0.20150259593515077,12.89616613984965,64,0
2025-12-14 22:11:56,home/sensor/data,64,5.025284767150879,0.19895410752201456,12.733062881408932,64,0
2025-12-14 22:12:01,home/sensor/data,64,5.168022632598877,0.19346017053464143,12.381450914217051,64,0
2025-12-14 22:12:06,home/sensor/data,64,4.912508010864258,0.20352057995812764,13.025317117320169,64,0
2025-12-14 22:12:11,home/sensor/data,64,5.1237804889678955,0.19513030892790392,12.488339771385851,64,0
2025-12-14 22:12:16,home/sensor/data,64,4.922931909561157,0.2030897295834305,12.997742693339552,64,0
2025-12-14 22:12:21,home/sensor/data,64,5.11130166053772,0.1956066105642949,12.518823076114874,64,0
2025-12-14 22:12:26,home/sensor/data,64,4.922504425048828,0.2031073629003761,12.99887122562407,64,0
2025-12-14 22:12:31,home/sensor/data,64,5.1121134757995605,0.19557555386419923,12.51683544730875,64,0
2025-12-14 22:12:36,home/sensor/data,64,5.339201211929321,0.1872588616635135,11.984567146464864,64,0
2025-12-14 22:12:41,home/sensor/data,64,4.697333812713623,0.2128414114156841,13.621850330603783,64,0
2025-12-14 22:12:46,home/sensor/data,64,5.12117075920105,0.19522972720182777,12.494702540916977,64,0
2025-12-14 22:12:51,home/sensor/data,64,4.858579635620117,0.20577911568114324,13.169863403593167,64,0
2025-12-14 22:12:56,home/sensor/data,64,5.021401882171631,0.1991079215603533,12.742906979862612,64,0
2025-12-14 22:13:01,home/sensor/data,64,5.069220781326294,0.19723007007564963,12.622724484841576,64,0
2025-12-14 22:13:06,home/sensor/data,64,5.119410991668701,0.19529682317045957,12.498996682909413,64,0
2025-12-14 22:13:11,home/sensor/data,64,4.915425777435303,0.2033997959634934,13.017586941663577,64,0
2025-12-14 22:13:16,home/sensor/data,64,5.328915357589722,0.18762024026817134,12.007695377162966,64,0
2025-12-14 22:13:21,home/sensor/data,64,4.912780046463013,0.20350931269701616,13.024596012609035,64,0
2025-12-14 22:13:26,home/sensor/data,64,4.914203405380249,0.20345037987754205,13.020824312162691,64,0
2025-12-14 22:13:31,home/sensor/data,64,5.130960464477539,0.19485730783037225,12.470867701143824,64,0
2025-12-14 22:13:36,home/sensor/data,64,5.167601823806763,0.19347592135922806,12.382458966990596,64,0
2025-12-14 22:13:41,home/sensor/data,64,4.860100507736206,0.20571473443277882,13.165743003697845,64,0
2025-12-14 22:13:46,home/sensor/data,64,4.910964012145996,0.20358455345504625,13.02941142112296,64,0
2025-12-14 22:13:51,home/sensor/data,64,4.965351819992065,0.20135504616779196,12.886722954738685,64,0
2025-12-14 22:13:56,home/sensor/data,64,5.019429683685303,0.19918613804106478,12.747912834628146,64,0
2025-12-14 22:14:01,home/sensor/data,64,5.171160459518433,0.19334280284357372,12.373939381988718,64,0
2025-12-14 22:14:06,home/sensor/data,64,4.918062210083008,0.2032907813099451,13.010610003836486,64,0
2025-12-14 22:14:11,home/sensor/data,64,5.116685390472412,0.19540083528028093,12.50565345793798,64,0
2025-12-14 22:14:16,home/sensor/data,64,4.924367427825928,0.20303053826004672,12.99395444864299,64,0
2025-12-14 22:14:21,home/sensor/data,64,5.1120641231536865,0.19557744161111948,12.516956263111647,64,0
2025-12-14 22:14:27,home/sensor/data,64,5.119323968887329,0.19530014234964604,12.499209110377347,64,0
2025-12-14 22:14:31,home/sensor/data,64,4.914612054824829,0.20343346644259044,13.019741852325788,64,0
2025-12-14 22:14:36,home/sensor/data,64,4.932774066925049,0.20268459528858102,12.971814098469185,64,0
2025-12-14 22:14:42,home/sensor/data,64,5.1033782958984375,0.19591024450588587,12.538255648376696,64,0
2025-12-14 22:14:47,home/sensor/data,64,5.120088338851929,0.19527099199077377,12.497343487409522,64,0
2025-12-14 22:14:52,home/sensor/data,64,4.9140825271606445,0.2034553833987569,13.021144537520442,64,0
2025-12-14 22:14:57,home/sensor/data,64,4.97056770324707,0.2011437960196885,12.873202945260063,64,0
2025-12-14 22:15:02,home/sensor/data,64,5.065188884735107,0.1973870344655115,12.632770205792736,64,0
2025-12-14 22:15:07,home/sensor/data,64,5.119629144668579,0.1952885029842798,12.498464190993907,64,0
2025-12-14 22:15:12,home/sensor/data,64,4.915328502655029,0.203403820444455,13.01784450844512,64,0
2025-12-14 22:15:17,home/sensor/data,64,5.329435348510742,0.18760193766901,12.00652401081664,64,0
2025-12-14 22:15:22,home/sensor/data,64,4.910589933395386,0.20360005895457547,13.03040377309283,64,0
2025-12-14 22:15:27,home/sensor/data,64,4.915283441543579,0.2034056847800515,13.017963825923296,64,0
2025-12-14 22:15:32,home/sensor/data,64,5.120239734649658,0.19526521932455668,12.496974036771627,64,0
2025-12-14 22:15:37,home/sensor/data,64,5.126675128936768,0.19502015530522732,12.481289939534548,64,0
2025-12-14 22:15:42,home/sensor/data,64,4.908738136291504,0.20367685042268563,13.03531842705188,64,0
2025-12-14 22:15:47,home/sensor/data,64,4.922724962234497,0.20309826557537394,12.998288996823932,64,0
2025-12-14 22:15:52,home/sensor/data,64,5.1122519969940186,0.1955702556001309,12.516496358408377,64,0
2025-12-14 22:15:57,home/sensor/data,64,5.1240715980529785,0.19511922533529116,12.487630421458634,64,0
2025-12-14 22:16:02,home/sensor/data,64,4.91096568107605,0.20358448428347586,13.029406994142455,64,0
2025-12-14 22:16:07,home/sensor/data,64,4.915283918380737,0.20340566505145358,13.017962563293029,64,0
2025-12-14 22:16:12,home/sensor/data,64,5.119976997375488,0.19527523761823223,12.497615207566863,64,0
2025-12-14 22:16:17,home/sensor/data,64,4.899272203445435,0.2040702961963805,13.060498956568352,64,0
2025-12-14 22:16:22,home/sensor/data,64,5.031720876693726,0.19869967449038334,12.716779167384534,64,0
2025-12-14 22:16:27,home/sensor/data,64,5.223394870758057,0.1914097277748266,12.250222577588902,64,0
2025-12-14 22:16:32,home/sensor/data,64,4.914144515991211,0.2034528174596989,13.02098031742073,64,0
2025-12-14 22:16:37,home/sensor/data,64,4.933513879776001,0.20265420756003513,12.969869283842248,64,0
2025-12-14 22:16:42,home/sensor/data,64,5.1026177406311035,0.19593943959375412,12.540124134000264,64,0
2025-12-14 22:16:47,home/sensor/data,64,5.1167707443237305,0.19539757639771754,12.505444889453923,64,0
2025-12-14 22:16:52,home/sensor/data,64,4.860086917877197,0.20571530953754125,13.16577981040264,64,0
2025-12-14 22:16:57,home/sensor/data,64,5.021023511886597,0.1991229227886142,12.74386705847131,64,0
2025-12-14 22:17:02,home/sensor/data,64,5.067955732345581,0.19727929238341668,12.625874712538668,64,0
2025-12-14 22:17:07,home/sensor/data,64,5.119126796722412,0.1953076632086803,12.499690445355538,64,0
2025-12-14 22:17:12,home/sensor/data,64,4.9179158210754395,0.20329683132925958,13.010997205072613,64,0
2025-12-14 22:17:18,home/sensor/data,64,5.3292012214660645,0.1876101780121823,12.007051392779667,64,0
2025-12-14 22:17:22,home/sensor/data,64,4.906416654586792,0.20377320092952259,13.041484859489445,64,0
2025-12-14 22:17:27,home/sensor/data,64,4.914158582687378,0.20345223519792252,13.020943052667041,64,0
2025-12-14 22:17:33,home/sensor/data,64,5.1194398403167725,0.19529572286472477,12.498926263342385,64,0
2025-12-14 22:17:38,home/sensor/data,64,5.1232194900512695,0.1951516717700152,12.489706993280972,64,0
2025-12-14 22:17:43,home/sensor/data,64,4.911197662353516,0.20357486989252857,13.028791673121829,64,0
2025-12-14 22:17:47,home/sensor/data,64,4.914342880249023,0.20344460688962912,13.020454840936264,64,0
2025-12-14 22:17:53,home/sensor/data,64,5.120305299758911,0.1952627194569079,12.496814045242106,64,0
2025-12-14 22:17:58,home/sensor/data,64,5.125098943710327,0.19508012057141233,12.485127716570389,64,0
2025-12-14 22:18:03,home/sensor/data,64,4.9082159996032715,0.20369851318027418,13.036704843537548,64,0
2025-12-14 22:18:08,home/sensor/data,64,4.914199352264404,0.20345054764448275,13.020835049246896,64,0
2025-12-14 22:18:13,home/sensor/data,64,5.119816064834595,0.19528137455808042,12.498007971717147,64,0
2025-12-14 22:18:18,home/sensor/data,64,4.923385381698608,0.20307102764874624,12.99654576951976,64,0
2025-12-14 22:18:23,home/sensor/data,64,5.110393762588501,0.19564135467692517,12.521046699323211,64,0
2025-12-14 22:18:28,home/sensor/data,64,5.119094371795654,0.19530890006804555,12.499769604354915,64,0
2025-12-14 22:18:33,home/sensor/data,64,4.913682699203491,0.2034719352608597,13.02220385669502,64,0
2025-12-14 22:18:38,home/sensor/data,64,4.9335246086120605,0.20265376694134496,12.969841084246077,64,0
2025-12-14 22:18:43,home/sensor/data,64,5.101733684539795,0.19597338638890535,12.542296728889943,64,0
2025-12-14 22:18:48,home/sensor/data,64,5.11920428276062,0.19530470754202756,12.499501282689764,64,0
2025-12-14 22:18:53,home/sensor/data,64,4.915130853652954,0.20341199812794755,13.018367880188643,64,0
2025-12-14 22:18:58,home/sensor/data,64,5.328280448913574,0.1876425925762379,12.009125924879225,64,0
2025-12-14 22:19:03,home/sensor/data,64,4.707778453826904,0.21236930337788198,13.591635416184447,64,0
2025-12-14 22:19:08,home/sensor/data,64,5.116954803466797,0.195390549233186,12.504995150923904,64,0
2025-12-14 22:19:13,home/sensor/data,64,4.915231227874756,0.20340784508467705,13.018102085419331,64,0
2025-12-14 22:19:18,home/sensor/data,64,5.327638864517212,0.18766518531756465,12.010571860324138,64,0
2025-12-14 22:19:23,home/sensor/data,64,4.707014799118042,0.21240375034235898,13.593840021910975,64,0
2025-12-14 22:19:28,home/sensor/data,64,5.119464635848999,0.19529477715730673,12.49886573806763,64,0
2025-12-14 22:19:33,home/sensor/data,64,5.324429035186768,0.18777829793481213,12.017811067827976,64,0
2025-12-14 22:19:38,home/sensor/data,64,4.918758392333984,0.20326201415870537,13.008768906157144,64,0
2025-12-14 22:19:43,home/sensor/data,64,4.910118103027344,0.20361961961036396,13.031655655063293,64,0
2025-12-14 22:19:48,home/sensor/data,64,4.914477825164795,0.20343902171229392,13.02009738958681,64,0
2025-12-14 22:19:53,home/sensor/data,64,5.121652603149414,0.19521136361759112,12.493527271525831,64,0
2025-12-14 22:19:58,home/sensor/data,64,5.122926235198975,0.19516284077832113,12.490421809812553,64,0
2025-12-14 22:20:03,home/sensor/data,64,4.795447826385498,0.20848762171433413,13.343207789717384,64,0
2025-12-14 22:20:08,home/sensor/data,64,5.000852823257446,0.19992591452316105,12.795258529482307,64,0
2025-12-14 22:20:13,home/sensor/data,64,5.352634429931641,0.1867889959779657,11.954495742589804,64,0
2025-12-14 22:20:18,home/sensor/data,64,4.718239784240723,0.21189853572165748,13.561506286186079,64,0
2025-12-14 22:20:23,home/sensor/data,64,5.110949754714966,0.19562007609281723,12.519684869940303,64,0
2025-12-14 22:20:28,home/sensor/data,64,5.119172811508179,0.19530590798661807,12.499578111143556,64,0
2025-12-14 22:20:33,home/sensor/data,64,4.915003061294556,0.20341728585837474,13.018706294935983,64,0
2025-12-14 22:20:38,home/sensor/data,64,4.930708885192871,0.20276947063976822,12.977246120945166,64,0
2025-12-14 22:20:43,home/sensor/data,64,5.103560209274292,0.19590326276946168,12.537808817245548,64,0
2025-12-14 22:20:48,home/sensor/data,64,5.119506120681763,0.19529319493653027,12.498764475937937,64,0
2025-12-14 22:20:53,home/sensor/data,64,4.915318250656128,0.20340424460246054,13.017871654557474,64,0
2025-12-14 22:20:59,home/sensor/data,64,5.532280445098877,0.18072461895289502,11.566375612985281,64,0
2025-12-14 22:21:03,home/sensor/data,64,4.501697540283203,0.22208909016285017,14.21370177042241,64,0
2025-12-14 22:21:09,home/sensor/data,64,5.080475807189941,0.19679322266674343,12.59476625067158,64,0
2025-12-14 22:21:13,home/sensor/data,64,4.953608751296997,0.20183228387876723,12.917266168241103,64,0
2025-12-14 22:21:18,home/sensor/data,64,4.999260663986206,0.19998957398408912,12.799332734981704,64,0
2025-12-14 22:21:24,home/sensor/data,64,5.03560209274292,0.19854655610791017,12.70697959090625,64,0
2025-12-14 22:21:29,home/sensor/data,64,5.1194071769714355,0.1952969686663609,12.499005994647097,64,0
2025-12-14 22:21:34,home/sensor/data,64,5.119516849517822,0.19529278574567444,12.498738287723164,64,0
2025-12-14 22:21:39,home/sensor/data,64,5.332432270050049,0.18749652182057538,11.999777396516825,64,0
2025-12-14 22:21:44,home/sensor/data,64,4.701960802078247,0.21263200823576886,13.608448527089207,64,0
2025-12-14 22:22:04,home/sensor/data,64,4.705716848373413,0.21246232399673423,13.59758873579099,64,0
2025-12-14 22:22:09,home/sensor/data,64,4.914772272109985,0.2034268360382716,13.019317506449383,64,0
2025-12-14 22:22:14,home/sensor/data,64,5.1195433139801025,0.1952917764155614,12.498673690595929,64,0
2025-12-14 22:22:19,home/sensor/data,64,4.897270679473877,0.20415368309278692,13.065835717938363,64,0
2025-12-14 22:22:24,home/sensor/data,64,5.1374077796936035,0.19461281448932194,12.455220127316604,64,0
2025-12-14 22:22:29,home/sensor/data,64,5.1191630363464355,0.195306280854987,12.499601974719168,64,0
2025-12-14 22:22:34,home/sensor/data,64,4.916531801223755,0.2033540484173675,13.01465909871152,64,0
2025-12-14 22:22:39,home/sensor/data,64,4.928978443145752,0.20284064353066697,12.981801185962686,64,0
2025-12-14 22:22:44,home/sensor/data,64,5.104333162307739,0.19587360280087474,12.535910579255983,64,0
2025-12-14 22:22:49,home/sensor/data,64,5.119908809661865,0.19527783781528227,12.497781620178065,64,0
2025-12-14 22:22:54,home/sensor/data,64,4.9145824909210205,0.20343468995728978,13.019820157266546,64,0
2025-12-14 22:22:59,home/sensor/data,64,5.333623170852661,0.18745466511370562,11.99709856727716,64,0
2025-12-14 22:23:04,home/sensor/data,64,4.700896263122559,0.2126801494629092,13.611529565626189,64,0
2025-12-14 22:23:09,home/sensor/data,64,5.119176626205444,0.1953057624773969,12.499568798553401,64,0
2025-12-14 22:23:14,home/sensor/data,64,4.91510009765625,0.20341327070959148,13.018449325413854,64,0
2025-12-14 22:23:19,home/sensor/data,64,4.998162269592285,0.2000335148315873,12.802144949221587,64,0
2025-12-14 22:23:24,home/sensor/data,64,5.03636622428894,0.19851643805015526,12.705052035209937,64,0
2025-12-14 22:23:29,home/sensor/data,64,5.119772911071777,0.1952830202327211,12.49811329489415,64,0
2025-12-14 22:23:34,home/sensor/data,64,5.119706630706787,0.19528554789751246,12.498275065440797,64,0
2025-12-14 22:23:39,home/sensor/data,64,5.125380516052246,0.19506940557157196,12.484441956580605,64,0
2025-12-14 22:23:44,home/sensor/data,64,4.909223794937134,0.2036567052261623,13.034029134474387,64,0
2025-12-14 22:23:49,home/sensor/data,64,4.916943073272705,0.20333704256046578,13.01357072386981,64,0
2025-12-14 22:23:54,home/sensor/data,64,5.117588758468628,0.19536634943479586,12.503446363826935,64,0
2025-12-14 22:24:00,home/sensor/data,64,5.127767086029053,0.19497863389508097,12.478632569285182,64,0
2025-12-14 22:24:04,home/sensor/data,64,4.907417297363281,0.20373165919229871,13.038826188307118,64,0
2025-12-14 22:24:09,home/sensor/data,64,4.9144628047943115,0.2034396433688089,13.02013717560377,64,0
2025-12-14 22:24:15,home/sensor/data,64,5.119723558425903,0.19528490233661377,12.498233749543282,64,0
2025-12-14 22:24:19,home/sensor/data,64,4.898898124694824,0.20408587577772996,13.061496049774718,64,0
2025-12-14 22:24:25,home/sensor/data,64,5.135630130767822,0.19468016472708735,12.45953054253359,64,0
2025-12-14 22:24:30,home/sensor/data,64,5.116656541824341,0.19540193677075487,12.505723953328312,64,0
2025-12-14 22:24:35,home/sensor/data,64,4.917722463607788,0.20330482303051498,13.011508673952958,64,0
2025-12-14 22:24:40,home/sensor/data,64,4.929650545120239,0.20281299411690792,12.980031623482107,64,0
2025-12-14 22:24:45,home/sensor/data,64,5.105586051940918,0.19582554564412336,12.532834921223895,64,0
2025-12-14 22:24:50,home/sensor/data,64,5.119216203689575,0.19530425283202107,12.499472181249349,64,0
2025-12-14 22:24:55,home/sensor/data,64,4.914750814437866,0.20342772401378395,13.019374336882173,64,0
2025-12-14 22:25:00,home/sensor/data,64,5.335073471069336,0.1874037165008529,11.993837856054586,64,0
2025-12-14 22:25:05,home/sensor/data,64,4.699378252029419,0.21274883560025057,13.615925478416036,64,0
2025-12-14 22:25:10,home/sensor/data,64,5.119661808013916,0.19528725729064636,12.498384466601367,64,0
2025-12-14 22:25:15,home/sensor/data,64,4.91682767868042,0.20334181377179236,13.013876081394711,64,0
2025-12-14 22:25:20,home/sensor/data,64,4.998359203338623,0.20002563515183902,12.801640649717697,64,0
2025-12-14 22:25:25,home/sensor/data,64,5.028903007507324,0.19881099069056826,12.723903404196369,64,0
2025-12-14 22:25:30,home/sensor/data,64,5.125388145446777,0.19506911525772644,12.484423376494492,64,0
2025-12-14 22:25:35,home/sensor/data,64,5.119688034057617,0.19528625711018038,12.498320455051545,64,0
2025-12-14 22:25:40,home/sensor/data,64,5.12783145904541,0.19497618667822675,12.478475947406512,64,0
2025-12-14 22:25:45,home/sensor/data,64,4.90690541267395,0.20375290799566873,13.040186111722798,64,0
2025-12-14 22:25:50,home/sensor/data,64,4.9151904582977295,0.20340953192978165,13.018210043506025,64,0
2025-12-14 22:25:55,home/sensor/data,64,5.119444131851196,0.1952955591839393,12.498915787772114,64,0
2025-12-14 22:26:00,home/sensor/data,64,5.124610662460327,0.19509870449660593,12.48631708778278,64,0
2025-12-14 22:26:05,home/sensor/data,64,4.909466505050659,0.20364663906605415,13.033384900227466,64,0
2025-12-14 22:26:10,home/sensor/data,64,4.918337821960449,0.20327939169696643,13.009881068605852,64,0
2025-12-14 22:26:15,home/sensor/data,64,5.117145776748657,0.19538325862911585,12.504528552263414,64,0
2025-12-14 22:26:20,home/sensor/data,64,4.902001142501831,0.20395671364044077,13.05322967298821,64,0
2025-12-14 22:26:25,home/sensor/data,64,5.132572650909424,0.19479611335058203,12.46695125443725,64,0
2025-12-14 22:26:30,home/sensor/data,64,5.119432210922241,0.1952960138534653,12.498944886621778,64,0
2025-12-14 22:26:35,home/sensor/data,64,4.917337894439697,0.20332071961353543,13.012526055266267,64,0
2025-12-14 22:26:40,home/sensor/data,64,4.937141418457031,0.2025053386001366,12.960341670408742,64,0
2025-12-14 22:26:45,home/sensor/data,64,5.095142126083374,0.19622686637441708,12.558519447962693,64,0
2025-12-14 22:26:50,home/sensor/data,64,5.128522634506226,0.19494991469050438,12.47679454019228,64,0
2025-12-14 22:26:55,home/sensor/data,64,4.906221628189087,0.20378129943338838,13.042003163736856,64,0
2025-12-14 22:27:01,home/sensor/data,64,5.335574626922607,0.1873861174835028,11.99271151894418,64,0
2025-12-14 22:27:05,home/sensor/data,64,4.699410676956177,0.21274736799116567,13.615831551434603,64,0
2025-12-14 22:27:10,home/sensor/data,64,4.989251613616943,0.20039069718875321,12.825004620080206,64,0
2025-12-14 22:27:15,home/sensor/data,64,5.046090841293335,0.198133941203988,12.680572237055232,64,0
2025-12-14 22:27:20,home/sensor/data,64,5.014563322067261,0.19937939884045383,12.760281525789045,64,0
2025-12-14 22:27:26,home/sensor/data,64,5.224213600158691,0.1913797361259317,12.248303112059629,64,0
2025-12-14 22:27:30,home/sensor/data,64,4.916671276092529,0.20334828089497217,13.014289977278219,64,0
2025-12-14 22:27:36,home/sensor/data,64,5.118512392044067,0.195331102538992,12.501190562495488,64,0
2025-12-14 22:27:40,home/sensor/data,64,4.828242063522339,0.2070718317380477,13.252597231235052,64,0
2025-12-14 22:27:45,home/sensor/data,64,5.031170606613159,0.19872140238763442,12.718169752808603,64,0
2025-12-14 22:27:51,home/sensor/data,64,5.089040994644165,0.19646207192677198,12.573572603313407,64,0
2025-12-14 22:27:56,home/sensor/data,64,5.120634317398071,0.19525017563300517,12.496011240512331,64,0
2025-12-14 22:28:01,home/sensor/data,64,5.1325953006744385,0.19479525389713181,12.466896249416436,64,0
2025-12-14 22:28:06,home/sensor/data,64,4.902957916259766,0.20391692120447416,13.050682957086346,64,0
2025-12-14 22:28:11,home/sensor/data,64,4.8895368576049805,0.20447652867495722,13.086497835197262,64,0
2025-12-14 22:28:16,home/sensor/data,64,5.024644136428833,0.19897946867176888,12.734685994993209,64,0
2025-12-14 22:28:21,home/sensor/data,64,5.020114421844482,0.199158974678903,12.746174379449792,64,0
2025-12-14 22:28:26,home/sensor/data,64,5.134491443634033,0.19472333095591118,12.462293181178316,64,0
2025-12-14 22:28:31,home/sensor/data,64,5.119772434234619,0.1952830384171262,12.498114458696076,64,0
2025-12-14 22:28:36,home/sensor/data,64,4.914924383163452,0.20342054150078054,13.018914656049954,64,0
2025-12-14 22:28:41,home/sensor/data,64,4.93947172164917,0.20240982164071405,12.9542285850057,64,0
2025-12-14 22:28:46,home/sensor/data,64,5.027673244476318,0.19885960995744495,12.727015037276477,64,0
2025-12-14 22:28:51,home/sensor/data,64,5.187780380249023,0.19272351626337425,12.334305040855952,64,0
2025-12-14 22:28:56,home/sensor/data,64,4.914555549621582,0.20343580494721164,13.019891516621545,64,0
2025-12-14 22:29:01,home/sensor/data,64,5.335137605667114,0.1874014641110406,11.993693703106599,64,0
2025-12-14 22:29:06,home/sensor/data,64,4.699573040008545,0.21274001945902793,13.615361245377787,64,0
2025-12-14 22:29:11,home/sensor/data,64,5.119925498962402,0.19527720139701682,12.497740889409076,64,0
2025-12-14 22:29:16,home/sensor/data,64,5.119783639907837,0.19528261108450146,12.498087109408093,64,0
2025-12-14 22:29:21,home/sensor/data,64,4.798686265945435,0.2083469511528628,13.33420487378322,64,0
2025-12-14 22:29:26,home/sensor/data,64,5.031403541564941,0.19871220416656551,12.717581066660193,64,0
2025-12-14 22:29:31,home/sensor/data,64,5.119765996932983,0.19528328390692662,12.498130170043304,64,0
2025-12-14 22:29:36,home/sensor/data,64,5.120527982711792,0.19525422947518703,12.49627068641197,64,0
2025-12-14 22:29:41,home/sensor/data,64,4.841516017913818,0.20650422142141003,13.216270170970242,64,0
2025-12-14 22:29:46,home/sensor/data,64,5.069921016693115,0.1972028348909538,12.620981433021043,64,0
2025-12-14 22:29:51,home/sensor/data,64,5.037577390670776,0.19846871893871454,12.70199801207773,64,0
2025-12-14 22:29:56,home/sensor/data,64,5.11970853805542,0.1952854751580429,12.498270410114745,64,0
2025-12-14 22:30:01,home/sensor/data,64,5.130995512008667,0.19485597710676858,12.470782534833189,64,0
2025-12-14 22:30:06,home/sensor/data,64,4.904147148132324,0.20386748242216512,13.047518875018568,64,0
2025-12-14 22:30:11,home/sensor/data,64,4.883667945861816,0.2047222065211573,13.102221217354067,64,0
2025-12-14 22:30:26,home/sensor/data,64,3.981743812561035,0.2510831846241617,16.069323815946348,64,0
2025-12-14 22:30:31,home/sensor/data,64,5.023738622665405,0.199015326984221,12.736980926990144,64,0
2025-12-14 22:30:36,home/sensor/data,64,5.114104270935059,0.19549943599042147,12.511963903386974,64,0
2025-12-14 22:30:41,home/sensor/data,64,4.9363486766815186,0.2025378529012697,12.96242258568126,64,0
2025-12-14 22:30:46,home/sensor/data,64,5.025797128677368,0.19893382891764247,12.731765050729118,64,0
2025-12-14 22:30:52,home/sensor/data,64,5.192931413650513,0.19253238450007912,12.322072608005064,64,0
2025-12-14 22:30:57,home/sensor/data,64,4.914844751358032,0.2034238367116341,13.019125549544583,64,0
2025-12-14 22:31:02,home/sensor/data,64,5.345217943191528,0.18704811712240646,11.971079495834013,64,0
2025-12-14 22:31:07,home/sensor/data,64,4.690900802612305,0.21313323577583546,13.64052708965347,64,0
2025-12-14 22:31:12,home/sensor/data,64,5.1160619258880615,0.19542464298523235,12.50717715105487,64,0
2025-12-14 22:31:17,home/sensor/data,64,4.893859624862671,0.20429595057653072,13.074940836897966,64,0
2025-12-14 22:31:22,home/sensor/data,64,5.027963638305664,0.19884812695462548,12.72628012509603,64,0
2025-12-14 22:31:27,home/sensor/data,64,5.03035831451416,0.19875348514043614,12.720223048987913,64,0
2025-12-14 22:31:32,home/sensor/data,64,5.119621276855469,0.19528880304424537,12.498483394831704,64,0
2025-12-14 22:31:37,home/sensor/data,64,5.125612020492554,0.19506059674551346,12.483878191712861,64,0
2025-12-14 22:31:42,home/sensor/data,64,5.122185945510864,0.19519104140193058,12.492226649723557,64,0
2025-12-14 22:31:47,home/sensor/data,64,4.909729242324829,0.20363574342098764,13.032687578943209,64,0
2025-12-14 22:31:52,home/sensor/data,64,4.912038564682007,0.2035400265710563,13.026561700547603,64,0
2025-12-14 22:31:57,home/sensor/data,64,5.12024998664856,0.19526482843193882,12.496949019644084,64,0
2025-12-14 22:32:02,home/sensor/data,64,5.124739170074463,0.19509381316909122,12.486004042821838,64,0
2025-12-14 22:32:07,home/sensor/data,64,4.910158395767212,0.2036179490488174,13.031548739124313,64,0
2025-12-14 22:32:12,home/sensor/data,64,5.119789123535156,0.1952824019649624,12.498073725757594,64,0
2025-12-14 22:32:17,home/sensor/data,64,4.785208225250244,0.2089336595771939,13.37175421294041,64,0
2025-12-14 22:32:22,home/sensor/data,64,5.026673078536987,0.1988991695321192,12.729546850055629,64,0
2025-12-14 22:32:27,home/sensor/data,64,5.1380908489227295,0.19458694726317646,12.453564624843294,64,0
2025-12-14 22:32:32,home/sensor/data,64,5.119552135467529,0.19529143997450882,12.498652158368564,64,0
2025-12-14 22:32:37,home/sensor/data,64,5.120025157928467,0.1952734011571455,12.497497674057312,64,0
2025-12-14 22:32:42,home/sensor/data,64,4.726267099380493,0.21153871337861355,13.538477656231267,64,0
2025-12-14 22:32:47,home/sensor/data,64,5.103609323501587,0.19590137787744238,12.537688184156313,64,0
2025-12-14 22:32:52,home/sensor/data,64,5.121350288391113,0.19522288475005709,12.494264624003653,64,0
2025-12-14 22:32:57,home/sensor/data,64,4.918344020843506,0.2032791355438754,13.009864674808025,64,0
2025-12-14 22:33:02,home/sensor/data,64,5.329757452011108,0.18759060208652617,12.005798533537675,64,0
2025-12-14 22:33:07,home/sensor/data,64,4.7006471157073975,0.21269141970676006,13.612250861232644,64,0
2025-12-14 22:33:12,home/sensor/data,64,4.986677885055542,0.20049410227478315,12.831622545586121,64,0
2025-12-14 22:33:17,home/sensor/data,64,5.02600622177124,0.19892555447199248,12.731235486207519,64,0
2025-12-14 22:33:22,home/sensor/data,64,5.021406888961792,0.19910772307154015,12.74289427657857,64,0
2025-12-14 22:33:27,home/sensor/data,64,5.0357348918914795,0.19854132120590193,12.706644557177723,64,0
2025-12-14 22:33:32,home/sensor/data,64,5.119787931442261,0.19528244742569367,12.498076635244395,64,0
2025-12-14 22:33:37,home/sensor/data,64,5.119445085525513,0.19529552281046866,12.498913459869994,64,0
2025-12-14 22:33:43,home/sensor/data,64,5.128328323364258,0.19495729985639004,12.477267190808963,64,0
2025-12-14 22:33:48,home/sensor/data,64,4.909220218658447,0.20365685355619678,13.034038627596594,64,0
2025-12-14 22:33:52,home/sensor/data,64,4.912737607955933,0.20351107034711816,13.024708502215562,64,0
2025-12-14 22:33:58,home/sensor/data,64,5.119753837585449,0.19528374761156697,12.498159847140286,64,0
2025-12-14 22:34:03,home/sensor/data,64,5.126641035079956,0.19502145200076526,12.481372928048977,64,0
2025-12-14 22:34:08,home/sensor/data,64,4.909721374511719,0.2036360696801764,13.032708459531289,64,0
2025-12-14 22:34:13,home/sensor/data,64,4.917384386062622,0.20331879769985667,13.012403052790827,64,0
2025-12-14 22:34:18,home/sensor/data,64,5.045497179031372,0.19815724937984422,12.68206396031003,64,0
2025-12-14 22:34:23,home/sensor/data,64,5.197775363922119,0.19235299277204557,12.310591537410916,64,0
2025-12-14 22:34:28,home/sensor/data,64,4.90881609916687,0.2036736162418968,13.035111439481396,64,0
2025-12-14 22:34:33,home/sensor/data,64,5.122839689254761,0.19516613724217538,12.490632783499224,64,0
2025-12-14 22:34:38,home/sensor/data,64,4.916556119918823,0.20335304277452912,13.014594737569864,64,0
2025-12-14 22:34:43,home/sensor/data,64,4.921921491622925,0.20313141326784248,13.000410449141919,64,0
2025-12-14 22:34:48,home/sensor/data,64,5.107599973678589,0.19574834693504534,12.527894203842902,64,0
2025-12-14 22:34:53,home/sensor/data,64,5.119855165481567,0.19527988347351735,12.49791254230511,64,0
2025-12-14 22:34:58,home/sensor/data,64,4.917539358139038,0.20331239158333309,13.011993061333317,64,0
2025-12-14 22:35:03,home/sensor/data,64,5.337612867355347,0.18731457493665055,11.988132795945635,64,0
2025-12-14 22:35:08,home/sensor/data,64,4.694956064224243,0.2129491814496345,13.628747612776609,64,0
2025-12-14 22:35:13,home/sensor/data,64,5.1198039054870605,0.19528183825365322,12.498037648233806,64,0
2025-12-14 22:35:18,home/sensor/data,64,4.9152631759643555,0.20340652324900074,13.018017487936048,64,0
2025-12-14 22:35:23,home/sensor/data,64,4.99742579460144,0.20006298804716716,12.804031235018698,64,0
2025-12-14 22:35:28,home/sensor/data,64,5.241929769515991,0.19073305269399335,12.206915372415574,64,0
2025-12-14 22:35:33,home/sensor/data,64,4.915643930435181,0.20339077105213274,13.017009347336495,64,0
2025-12-14 22:35:38,home/sensor/data,64,5.119343996047974,0.1952993784737565,12.499160222320416,64,0
2025-12-14 22:35:43,home/sensor/data,64,5.124762535095215,0.1950929238631661,12.48594712724263,64,0
2025-12-14 22:35:48,home/sensor/data,64,4.910139560699463,0.2036187299587911,13.03159871736263,64,0
2025-12-14 22:35:53,home/sensor/data,64,4.915591239929199,0.2033929507661085,13.017148849030944,64,0
2025-12-14 22:35:58,home/sensor/data,64,5.11946964263916,0.19529458619826642,12.498853516689051,64,0
2025-12-14 22:36:03,home/sensor/data,64,5.132354497909546,0.19480439163265065,12.467481064489641,64,0
2025-12-14 22:36:08,home/sensor/data,64,4.902757406234741,0.20392525917545976,13.051216587229424,64,0
2025-12-14 22:36:13,home/sensor/data,64,4.881308317184448,0.20482114914378952,13.108553545202529,64,0
2025-12-14 22:36:18,home/sensor/data,64,5.026787757873535,0.19889463282016948,12.729256500490846,64,0
2025-12-14 22:36:23,home/sensor/data,64,5.024826765060425,0.19897223815034878,12.734223241622322,64,0
2025-12-14 22:36:28,home/sensor/data,64,5.136943578720093,0.19463039729391282,12.45634542681042,64,0
2025-12-14 22:36:33,home/sensor/data,64,5.1199727058410645,0.1952754012649557,12.497625680957166,64,0
2025-12-14 22:36:38,home/sensor/data,64,4.915256023406982,0.20340681918086856,13.018036427575588,64,0
2025-12-14 22:36:43,home/sensor/data,64,4.929093360900879,0.20283591542722212,12.981498587342216,64,0
2025-12-14 22:36:48,home/sensor/data,64,5.105672359466553,0.19582223600976445,12.532623104624925,64,0
2025-12-14 22:36:53,home/sensor/data,64,5.1286866664886475,0.19494368077739063,12.476395569753,64,0
2025-12-14 22:36:58,home/sensor/data,64,4.907028436660767,0.20374780075242624,13.03985924815528,64,0
2025-12-14 22:37:04,home/sensor/data,64,5.331151247024536,0.18754156693473822,12.002660283823246,64,0
2025-12-14 22:37:08,home/sensor/data,64,4.7039690017700195,0.21254125152021144,13.602640097293532,64,0
2025-12-14 22:37:14,home/sensor/data,64,5.121593952178955,0.19521359868365876,12.49367031575416,64,0
2025-12-14 22:37:18,home/sensor/data,64,4.912758111953735,0.20351022114159276,13.024654153061936,64,0
2025-12-14 22:37:23,home/sensor/data,64,4.997499227523804,0.200060048923002,12.803843131072128,64,0
2025-12-14 22:37:29,home/sensor/data,64,5.243584156036377,0.19067288659083229,12.203064741813266,64,0
2025-12-14 22:37:34,home/sensor/data,64,4.913433790206909,0.20348224082145944,13.022863412573404,64,0
2025-12-14 22:37:39,home/sensor/data,64,5.127663612365723,0.19498256769831807,12.478884332692356,64,0
2025-12-14 22:37:44,home/sensor/data,64,5.122232675552368,0.1951892610249609,12.492112705597497,64,0
2025-12-14 22:37:49,home/sensor/data,64,4.905099868774414,0.20382789318347255,13.044985163742243,64,0
2025-12-14 22:37:54,home/sensor/data,64,4.911837100982666,0.20354837326073358,13.027095888686949,64,0
2025-12-14 22:37:59,home/sensor/data,64,5.122938871383667,0.19516235948575245,12.490391007088157,64,0
2025-12-14 22:38:04,home/sensor/data,64,5.142000436782837,0.19443902684665956,12.444097718186212,64,0
2025-12-14 22:38:09,home/sensor/data,64,4.893030643463135,0.20433055549737542,13.077155551832027,64,0
2025-12-14 22:38:14,home/sensor/data,64,4.917142868041992,0.20332878219093284,13.013042060219702,64,0
2025-12-14 22:38:19,home/sensor/data,64,5.135196685791016,0.19469659383692234,12.46058200556303,64,0
